CREATE DATABASE MOVIE;
USE MOVIE;

CREATE TABLE MOVIESS(TITLE VARCHAR(20),DIRECTORS VARCHAR(20),MYEAR INT,RATING FLOAT,PRIMARY KEY(TITLE));
INSERT INTO MOVIESS(TITLE,DIRECTORS,MYEAR,RATING)VALUES('FARGO','COEN',1996,8.2);
INSERT INTO MOVIESS(TITLE,DIRECTORS,MYEAR,RATING)VALUES('RAISING ARIZONA','COEN',1987,7.6);
INSERT INTO MOVIESS(TITLE,DIRECTORS,MYEAR,RATING)VALUES('SPIDERMAN','RAIMI',2002,7.4);
INSERT INTO MOVIESS(TITLE,DIRECTORS,MYEAR,RATING)VALUES('WONDERBOYS','HANSON',2000,7.6);
SELECT * FROM MOVIESS WHERE MYEAR>1997;
SELECT TITLE FROM MOVIESS WHERE DIRECTORS='HANSON';
SELECT TITLE,RATING FROM MOVIESS;
USE MOVIE;
CREATE TABLE ACTORSS(ACTOR VARCHAR(20),AYEAR INT,PRIMARY KEY(ACTOR));
INSERT INTO ACTORSS(ACTOR,AYEAR)VALUES('CAGE',1964);
INSERT INTO ACTORSS(ACTOR,AYEAR)VALUES('HANKS',1956);
INSERT INTO ACTORSS(ACTOR,AYEAR)VALUES('MAGUIRE',1975);
INSERT INTO ACTORSS(ACTOR,AYEAR)VALUES('MCDORMANDS',1957);
SELECT * FROM ACTORSS;
USE MOVIE;
CREATE TABLE DIRECTORSS(DIRECTORS VARCHAR(20),DYEAR INT);
INSERT INTO DIRECTORSS(DIRECTORS,DYEAR)VALUES('COEN',1954);
INSERT INTO DIRECTORSS(DIRECTORS,DYEAR)VALUES('HANSON',1945);
INSERT INTO DIRECTORSS(DIRECTORS,DYEAR)VALUES('RAIMI',1959);
SELECT * FROM DIRECTORSS;
USE MOVIE;

CREATE TABLE ACT(ACTOR VARCHAR(20),TITLE VARCHAR(20),FOREIGN KEY(TITLE)REFERENCES MOVIESS(TITLE));
INSERT INTO ACT(ACTOR,TITLE)VALUES('CAGE','RAISING ARIZONA');
INSERT INTO ACT(ACTOR,TITLE)VALUES('MAGUIRE','SPIDERMAN');
INSERT INTO ACT(ACTOR,TITLE)VALUES('MAGUIRE','WONDERBOYS');
INSERT INTO ACT(ACTOR,TITLE)VALUES('MCDORMAND','FARGO');
INSERT INTO ACT(ACTOR,TITLE)VALUES('MCDORMAND','RAISING ARIZONA');
INSERT INTO ACT(ACTOR,TITLE)VALUES('MCDORMAND','WONDERBOYS');
SELECT * FROM ACT;

SELECT MOVIESS.DIRECTORS,ACT.ACTOR FROM  MOVIESS INNER JOIN ACT ON MOVIESS.TITLE=ACT.TITLE;
SELECT MOVIESS.TITLE FROM MOVIESS INNER JOIN ACT ON MOVIESS.TITLE=ACT.TITLE WHERE DIRECTORS='COEN' AND ACTOR='MCDORMAND';